entropy,shap_distance,zdcs,prediction_prob,attack_category
0.31102082107429024,0.6050072908401489,0.45801405595721956,0.94408256,Analysis
0.0018757044286231374,0.3316164016723633,0.1667460530504932,0.9998692,Analysis
0.0017939742084993897,0.3040919303894043,0.15294295229895186,0.99987555,Analysis
0.0024862767654512197,0.10478031635284424,0.05363329655914773,0.999821,Analysis
0.0016712830618075987,0.4235372543334961,0.21260426869765184,0.99988496,Analysis
0.0032009081793043276,0.5026041269302368,0.25290251755477056,0.9997626,Analysis
0.0009258385375463908,0.10427635908126831,0.05260109880940735,0.99994016,Analysis
0.0009174726900638445,0.12136948108673096,0.0611434768883974,0.99994075,Analysis
0.014901804934370058,0.27405601739883423,0.14447891116660214,0.99864095,Analysis
0.0020348189479001974,0.10435473918914795,0.05319477906852407,0.9998568,Analysis
0.0015064726249315531,0.0850638747215271,0.04328517367322933,0.9998975,Analysis
0.0014383565783223945,0.3106221556663513,0.15603025612233687,0.9999026,Analysis
0.00132341901079897,0.30757999420166016,0.15445170660622956,0.9999112,Analysis
0.8660579364553951,0.8766691088676453,0.8713635226615202,0.28794962,Analysis
0.0004224215113022392,0.16454845666885376,0.082485439090078,0.9999747,Analysis
0.8425982130078264,0.740115761756897,0.7913569873823617,0.72920847,Analysis
0.0024268298872889217,0.32759517431259155,0.16501100209994024,0.9998258,Analysis
0.0011242251439913464,0.3218504786491394,0.16148735189656538,0.99992585,Analysis
0.0005692769762233883,0.096122145652771,0.04834571131449719,0.99996495,Analysis
0.0005427450413639392,0.05992072820663452,0.03023173662399923,0.99996674,Analysis
0.0006062018948937542,0.08529478311538696,0.04295049250514036,0.99996245,Analysis
0.001246135398754244,0.2864304780960083,0.14383830674738127,0.9999169,Analysis
0.002471432344946816,0.20156633853912354,0.10201888544203518,0.9998222,Analysis
0.0013969824903079429,0.10034197568893433,0.05086947908962113,0.9999057,Analysis
0.7231880787740155,0.710336446762085,0.7167622627680502,0.7993691,Analysis
0.006562258033068448,0.4141243100166321,0.21034328402485025,0.9994672,Analysis
0.0010684571661960646,0.30573374032974243,0.15340109874796926,0.9999299,Analysis
0.0011176810697645706,0.10086822509765625,0.05099295308371041,0.9999263,Analysis
0.001871089952712536,0.10615181922912598,0.05401145459091926,0.9998696,Analysis
0.0024402216926104033,0.12050992250442505,0.06147507209851773,0.9998247,Analysis
0.0012542116133447854,0.04260706901550293,0.021930640314423856,0.9999163,Analysis
0.0015773608840750296,0.10498803853988647,0.053282699711980755,0.9998921,Analysis
0.8484279089241231,0.7263093590736389,0.787368633998881,0.725086,Analysis
0.0011470944698091054,0.2990518808364868,0.15009948765314796,0.9999242,Analysis
0.9980338970831717,0.761515736579895,0.8797748168315334,0.47390202,Analysis
0.001384222603662117,0.0858415961265564,0.043612909365109254,0.99990666,Analysis
0.0007755576955116216,0.07928729057312012,0.04003142413431587,0.99995077,Analysis
0.0017506105633734916,0.25920671224594116,0.13047866140465733,0.9998789,Analysis
0.9832941239909747,0.7924516201019287,0.8878728720464517,0.42405635,Analysis
0.0020971132810065655,0.3279241919517517,0.16501065261637915,0.99985194,Analysis
0.0012007930294084827,0.2956523895263672,0.14842659127788785,0.99992025,Analysis
0.0015474783946321942,0.3153618574142456,0.1584546679044389,0.9998944,Analysis
0.0005991875975939772,0.17052876949310303,0.0855639785453485,0.9999629,Analysis
0.0020241593825828528,0.11034995317459106,0.05618705627858696,0.99985766,Analysis
0.0015773608840750296,0.06428134441375732,0.03292935264891618,0.9998921,Analysis
0.0011307645995434165,0.09475356340408325,0.04794216400181334,0.9999254,Analysis
0.0024506310097345977,0.07378637790679932,0.03811850445826696,0.99982387,Analysis
0.5144105566767005,0.6892361044883728,0.6018233305825367,0.88513756,Analysis
0.0034308980254356878,0.436235249042511,0.21983307353397333,0.9997434,Analysis
0.002166727457738474,0.1075814962387085,0.05487411184822349,0.99984646,Analysis
0.0052022860748647355,0.1210559606552124,0.06312912336503856,0.9995902,Analysis
0.0013378494300979274,0.31994110345840454,0.16063947644425122,0.9999101,Analysis
0.0017226640544155153,0.3221251368522644,0.16192390045333996,0.999881,Analysis
0.000768730790441044,0.07247298955917358,0.03662086017480731,0.99995124,Analysis
0.0003489045544439392,0.07921570539474487,0.0397823049745944,0.9999795,Analysis
0.0013378494300979274,0.31994110345840454,0.16063947644425122,0.9999101,Analysis
0.001694661617505647,0.2755875587463379,0.13864111018192177,0.9998832,Analysis
0.00169310453629847,0.2942437529563904,0.14796842874634442,0.9998833,Analysis
0.0019951910548281484,0.11556917428970337,0.05878218267226576,0.9998599,Analysis
0.003169311069858896,0.43825966119766235,0.22071448613376063,0.9997652,Analysis
0.0017366443628704178,0.10826212167739868,0.05499938302013455,0.99987996,Analysis
0.001050342975927674,0.3004921078681946,0.15077122542206112,0.9999312,Analysis
0.0037334141646889083,0.12875401973724365,0.06624371695096629,0.9997179,Analysis
0.0020530759811808524,0.33573198318481445,0.16889252958299766,0.9998554,Analysis
0.0012622817816702575,0.301364541053772,0.15131341141772112,0.9999157,Analysis
0.0063615294226440425,0.08769983053207397,0.047030679977359005,0.9994856,Analysis
0.0004640873735942411,0.08068174123764038,0.04057291430561731,0.999972,Analysis
0.0004982129555133806,0.0850178599357605,0.042758036445636936,0.9999697,Analysis
0.001735091480458428,0.11721760034561157,0.059476345913035,0.9998801,Analysis
0.004422904368624432,0.1796155571937561,0.09201923078119027,0.9996587,Analysis
0.0010996620241951192,0.3164556622505188,0.15877766213735695,0.99992764,Analysis
0.0005178568928322801,0.07978081703186035,0.040149336962346314,0.9999684,Analysis
0.0037334141646889083,0.12875401973724365,0.06624371695096629,0.9997179,Analysis
0.007538103045630312,0.08939439058303833,0.04846624681433432,0.9993765,Analysis
0.0035415665099406005,0.4272587299346924,0.21540014822231648,0.9997341,Analysis
0.002706140797109417,0.2729281783103943,0.13781715955375184,0.99980325,Analysis
0.0011062183589038413,0.3065929412841797,0.15384957982154177,0.99992716,Analysis
0.0013137884022301715,0.17102974653244019,0.08617176746733518,0.9999119,Analysis
0.005945344843700644,0.10825741291046143,0.057101378877081034,0.9995235,Analysis
0.002830515996574842,0.07737916707992554,0.04010484153825019,0.9997931,Analysis
0.0011062183589038413,0.09794610738754272,0.049526162873223284,0.99992716,Analysis
0.0014081359179151916,0.31081581115722656,0.15611197353757086,0.9999049,Analysis
0.000528538417848453,0.0849117636680603,0.04272015104295438,0.9999677,Analysis
0.0014716699872884972,0.3085678219795227,0.1550197459834056,0.9999001,Analysis
0.0020469925987620027,0.34429818391799927,0.17317258825838064,0.9998559,Analysis
0.0014558180238910016,0.3216838836669922,0.1615698508454416,0.9999013,Analysis
0.0028130011423314555,0.07328897714614868,0.03805098914424007,0.99979454,Analysis
0.00046588987438010287,0.058946192264556885,0.029706041069468492,0.99997187,Analysis
0.9456980285817613,0.7075716257095337,0.8266348271456475,0.63631696,Analysis
0.001088177563575321,0.3155969977378845,0.15834258765072992,0.9999285,Analysis
0.0029976539095989897,0.2704867720603943,0.13674221298499664,0.9997794,Analysis
0.0006654808632365205,0.09701889753341675,0.048842189198326634,0.9999584,Analysis
0.0021122712675355404,0.2625797390937805,0.13234600518065803,0.99985075,Analysis
0.0005956771948778187,0.0621911883354187,0.03139343276514826,0.99996316,Analysis
0.005218379217057777,0.07731515169143677,0.041266765454247276,0.9995888,Analysis
0.0017939742084993897,0.3040919303894043,0.15294295229895186,0.99987555,Analysis
0.3140778986847021,0.5981390476226807,0.4561084731536914,0.94333094,Analysis
0.0014716699872884972,0.3085678219795227,0.1550197459834056,0.9999001,Analysis
0.0012945018243696444,0.3214489221572876,0.16137171199082861,0.99991333,Analysis
0.0010931012387634987,0.2873108983039856,0.14420199977137454,0.9999281,Analysis
0.0017800503318518015,0.33365559577941895,0.16771782305563537,0.9998766,Backdoor
0.000532093831649017,0.07781016826629639,0.0391711310489727,0.99996746,Backdoor
0.06515308516081698,0.5812574028968811,0.32320524402884904,0.9922963,Backdoor
0.00025851398334322335,0.07984191179275513,0.04005021288804918,0.9999852,Backdoor
0.0018757044286231374,0.3316164016723633,0.1667460530504932,0.9998692,Backdoor
0.0017800503318518015,0.06639856100082397,0.03408930566633789,0.9998766,Backdoor
0.0005692769762233883,0.09659910202026367,0.04858418949824353,0.99996495,Backdoor
0.0024402216926104033,0.12050992250442505,0.06147507209851773,0.9998247,Backdoor
0.002830515996574842,0.07737916707992554,0.04010484153825019,0.9997931,Backdoor
0.002066755319996745,0.1199960708618164,0.061031413090906574,0.9998543,Backdoor
0.007882114030247566,0.3102303743362427,0.15905624418324513,0.99934405,Backdoor
0.0010996620241951192,0.3072127103805542,0.15415618620237465,0.99992764,Backdoor
0.003229596699347765,0.3342209458351135,0.16872527126723064,0.9997602,Backdoor
0.0009258385375463908,0.10427635908126831,0.05260109880940735,0.99994016,Backdoor
0.0005956771948778187,0.0621911883354187,0.03139343276514826,0.99996316,Backdoor
0.0011307645995434165,0.09475356340408325,0.04794216400181334,0.9999254,Backdoor
0.0024862767654512197,0.10478031635284424,0.05363329655914773,0.999821,Backdoor
0.0014906653367148482,0.32829058170318604,0.16489062351995043,0.9998987,Backdoor
0.001384222603662117,0.0858415961265564,0.043612909365109254,0.99990666,Backdoor
0.0011274954176107557,0.10089045763015747,0.051008976523884114,0.9999256,Backdoor
0.002471432344946816,0.20156633853912354,0.10201888544203518,0.9998222,Backdoor
0.0018294973593965488,0.11374741792678833,0.05778845764309244,0.9998728,Backdoor
0.00952301864092483,0.49444931745529175,0.2519861680481083,0.99918646,Backdoor
0.0013073633218589973,0.11147135496139526,0.056389359141627134,0.9999124,Backdoor
0.0010684571661960646,0.3196565508842468,0.16036250402522145,0.9999299,Backdoor
0.00395949207732037,0.11278969049453735,0.05837459128592886,0.99969864,Backdoor
0.5712241654759751,0.636127233505249,0.6036756994906121,0.8649137,Backdoor
0.013193075337566001,0.4663515090942383,0.23977229221590213,0.9988186,Backdoor
0.000600941980186995,0.0978245735168457,0.04921275774851635,0.9999628,Backdoor
0.002818840994629454,0.1729256510734558,0.08787224603404263,0.99979407,Backdoor
0.0011942994246998556,0.09460330009460449,0.04789879975965217,0.9999207,Backdoor
0.0013121824470470169,0.11105287075042725,0.05618252659873713,0.999912,Backdoor
0.02089287835259777,0.49967193603515625,0.260282407193877,0.9979912,Backdoor
0.0012606681846798625,0.06579828262329102,0.03352947540398544,0.99991584,Backdoor
0.0001945585228849426,0.07750940322875977,0.03885198087582235,0.99998915,Backdoor
0.0028130011423314555,0.07328897714614868,0.03805098914424007,0.99979454,Backdoor
0.00046588987438010287,0.058946192264556885,0.029706041069468492,0.99997187,Backdoor
0.0012606681846798625,0.06579828262329102,0.03352947540398544,0.99991584,Backdoor
0.0004982129555133806,0.0850178599357605,0.042758036445636936,0.9999697,Backdoor
0.0021727673406391856,0.33544498682022095,0.16880887708043008,0.999846,Backdoor
0.0003489045544439392,0.06702089309692383,0.03368489882568388,0.9999795,Backdoor
0.0018248687755341188,0.12045854330062866,0.06114170603808139,0.99987316,Backdoor
0.004422904368624432,0.1796155571937561,0.09201923078119027,0.9996587,Backdoor
0.0028596751175828474,0.4785693883895874,0.24071453175358512,0.9997907,Backdoor
0.0018741664939220136,0.1464465856552124,0.07416037607456721,0.99986935,Backdoor
0.002115301286094345,0.33237236738204956,0.16724383433407194,0.9998505,Backdoor
0.009967288121115572,0.43693405389785767,0.22345067100948662,0.999143,Backdoor
0.0012848459390538195,0.06480956077575684,0.033047203357405325,0.99991405,Backdoor
0.0073084800062464955,0.09241825342178345,0.04986336671401497,0.999398,Backdoor
0.007829148748239659,0.22667628526687622,0.11725271700755793,0.99934906,Backdoor
0.002213481546002036,0.30751049518585205,0.15486198836592704,0.99984276,Backdoor
0.007171838446521534,0.4468303918838501,0.2270011151651858,0.99941075,Backdoor
0.004133249642884661,0.32048916816711426,0.16231120890499945,0.99968374,Backdoor
0.0011274954176107557,0.10089045763015747,0.051008976523884114,0.9999256,Backdoor
0.005924292420536239,0.3335038423538208,0.1697140673871785,0.9995254,Backdoor
0.0005886496293852505,0.07743304967880249,0.03901084965409387,0.99996364,Backdoor
0.007245954907356645,0.30759137868881226,0.15741866679808444,0.99940383,Backdoor
0.0029933093322430143,0.11681056022644043,0.05990193477934172,0.99977976,Backdoor
0.0073084800062464955,0.09241825342178345,0.04986336671401497,0.999398,Backdoor
0.0010073832548987735,0.1085669994354248,0.05478719134516179,0.9999343,Backdoor
0.0015773608840750296,0.06428134441375732,0.03292935264891618,0.9998921,Backdoor
0.00024316616928384064,0.07275253534317017,0.036497850756227,0.9999862,Backdoor
0.0018757044286231374,0.3316164016723633,0.1667460530504932,0.9998692,Backdoor
0.008799189346334904,0.4799235463142395,0.2443613678302872,0.99925655,Backdoor
0.04199039993634877,1.2181224822998047,0.6300564411180767,0.99544454,Backdoor
0.0014383565783223945,0.3106221556663513,0.15603025612233687,0.9999026,Backdoor
0.0004676916193828309,0.08497577905654907,0.04272173533796595,0.99997175,Backdoor
0.003965068413232427,0.12613874673843384,0.06505190757583314,0.99969816,Backdoor
0.0007755576955116216,0.07928729057312012,0.04003142413431587,0.99995077,Backdoor
0.0053080997444225385,0.48122596740722656,0.24326703357582455,0.9995808,Backdoor
0.01501353185116573,0.10577565431594849,0.06039459308355711,0.9986292,Backdoor
0.0021349828866060725,0.4790523052215576,0.24059364405408185,0.99984896,Backdoor
0.0011617680833252986,0.10077029466629028,0.05096603137480779,0.9999231,Backdoor
0.0014017638263392786,0.3119790554046631,0.15669040961550118,0.99990535,Backdoor
0.0006254463588385549,0.07035809755325317,0.035491771956045866,0.99996114,Backdoor
0.001569504098520965,0.13003671169281006,0.06580310789566551,0.9998927,Backdoor
0.002769151780578316,0.10660827159881592,0.05468871168969712,0.9997981,Backdoor
0.0001886518677555174,0.08717310428619385,0.04368087807697468,0.9999895,Backdoor
0.005945344843700644,0.10825741291046143,0.057101378877081034,0.9995235,Backdoor
0.0021727673406391856,0.3262712359428406,0.1642220016417399,0.999846,Backdoor
0.0037334141646889083,0.12875401973724365,0.06624371695096629,0.9997179,Backdoor
0.004838918980338658,0.4336089491844177,0.2192239340823782,0.99962234,Backdoor
0.0015238374982108574,0.0715641975402832,0.03654401751924703,0.99989617,Backdoor
0.0018325822981964004,0.3269921541213989,0.16441236820979765,0.99987257,Backdoor
0.0018603178596841778,0.33328479528427124,0.1675725565719777,0.9998704,Backdoor
0.001073391086444499,0.12600171566009521,0.06353755337326986,0.99992955,Backdoor
0.0015064726249315531,0.0850638747215271,0.04328517367322933,0.9998975,Backdoor
0.0021046939537891275,0.1146591305732727,0.05838191226353091,0.99985135,Backdoor
0.0021727673406391856,0.33544498682022095,0.16880887708043008,0.999846,Backdoor
0.0032009081793043276,0.5026041269302368,0.25290251755477056,0.9997626,Backdoor
0.00047668963746874395,0.10258036851882935,0.051528529078149046,0.99997115,Backdoor
0.0014732541087366787,0.30108940601348877,0.15128133006111272,0.9999,Backdoor
0.0016103095017152788,0.1090928316116333,0.05535157055667429,0.9998896,Backdoor
0.059207403069886914,0.4336654543876648,0.24643642872877586,0.99313474,Backdoor
0.0012234889449850152,0.29981279373168945,0.15051814133833724,0.9999186,Backdoor
0.00044421099097378486,0.06961166858673096,0.03502793978885237,0.9999733,Backdoor
0.0015474783946321942,0.105221688747406,0.0533845835710191,0.9998944,Backdoor
0.0022465855190642067,0.16001522541046143,0.08113090546476281,0.99984014,Backdoor
0.03464032364184652,0.42441028356552124,0.2295253036036839,0.9963714,Backdoor
0.29850050558930913,0.5258832573890686,0.41219188148918884,0.9471216,Backdoor
0.0013041493120950949,0.2849522829055786,0.14312821610883686,0.9999126,DoS
0.01848472353063833,0.46269530057907104,0.2405900120548547,0.9982571,DoS
0.006562258033068448,0.4141243100166321,0.21034328402485025,0.9994672,DoS
0.00169310453629847,0.2942437529563904,0.14796842874634442,0.9998833,DoS
0.004334918447527357,0.428397536277771,0.21636622736264918,0.99966633,DoS
0.0012364357619925699,0.304742693901062,0.15298956483152729,0.9999176,DoS
0.0017506105633734916,0.25920671224594116,0.13047866140465733,0.9998789,DoS
0.0006949029967750445,0.15857529640197754,0.0796350996993763,0.99995637,DoS
0.008572009669846354,0.4341670274734497,0.22136951857164802,0.99927837,DoS
0.000741355485580318,0.29308271408081055,0.14691203478319542,0.99995315,DoS
0.0019951910548281484,0.11556917428970337,0.05878218267226576,0.9998599,DoS
0.0008044981432662838,0.1657235026359558,0.08326400038961104,0.99994874,DoS
0.001050342975927674,0.3004921078681946,0.15077122542206112,0.9999312,DoS
0.005389594664064002,0.51109379529953,0.258241694981797,0.9995735,DoS
0.002245082182435424,0.4813702702522278,0.2418076762173316,0.99984026,DoS
0.0007464967423350903,0.10266488790512085,0.05170569232372797,0.9999528,DoS
0.025966698425822214,0.37156617641448975,0.19876643742015598,0.9974124,DoS
0.24694365400281315,0.5954498648643494,0.42119675943358126,0.9589813,DoS
0.0007584779204255201,0.17397809028625488,0.0873682841033402,0.99995196,DoS
0.0027398680393291583,0.4285011291503906,0.2156204985948599,0.9998005,DoS
0.000585132424620889,0.0813482403755188,0.04096668640006984,0.9999639,DoS
0.052359279639759136,0.4368551969528198,0.24460723829628947,0.9940753,DoS
0.12171076765223413,0.46106308698654175,0.2913869273193879,0.983432,DoS
0.0014160962457585697,0.46571022272109985,0.2335631594834292,0.9999043,DoS
0.0031635614076815158,0.435666561126709,0.21941506126719526,0.9997657,DoS
0.009900459425110772,0.45937591791152954,0.23463818866832015,0.99914956,DoS
0.030763582091880355,0.491074800491333,0.2609191912916067,0.9968442,DoS
0.001384222603662117,0.315030038356781,0.15820713048022156,0.99990666,DoS
0.02450693655758789,0.16377705335617065,0.09414199495687928,0.99758136,DoS
0.00595849614203381,0.13249319791793823,0.06922584702998602,0.9995223,DoS
0.0028319748259746412,0.22059279680252075,0.1117123858142477,0.999793,DoS
0.003983184031091182,0.4396834969520569,0.22183334049157402,0.9996966,DoS
0.038853594931117404,0.4416547417640686,0.240254168347593,0.9958448,DoS
0.004400931233651403,0.4295161962509155,0.21695856374228348,0.9996606,DoS
0.03798879092016945,0.447131872177124,0.24256033154864673,0.9959539,DoS
0.0023245863693027898,0.43321579694747925,0.217770191658391,0.99983394,DoS
0.0005991875975939772,0.17052876949310303,0.0855639785453485,0.9999629,DoS
0.2846735089187351,0.5704816579818726,0.42757758345030383,0.9504051,DoS
0.0004712929680027415,0.15829455852508545,0.0793829257465441,0.9999715,DoS
0.17228931742712839,0.5489680767059326,0.3606286970665305,0.9743109,DoS
0.001569504098520965,0.13003671169281006,0.06580310789566551,0.9998927,DoS
0.0006289383708317939,0.4336559772491455,0.21714245780998864,0.9999609,DoS
0.0017939742084993897,0.3040919303894043,0.15294295229895186,0.99987555,DoS
0.055368959906484765,0.2638881802558899,0.15962857008118733,0.99366534,DoS
0.0006289383708317939,0.4336559772491455,0.21714245780998864,0.9999609,DoS
0.004400931233651403,0.4295161962509155,0.21695856374228348,0.9996606,DoS
0.003963674077326702,0.49359726905822754,0.24878047156777713,0.9996983,DoS
0.0006463675276654124,0.17274105548858643,0.08669371150812592,0.9999597,DoS
0.04820575888551848,0.5339655876159668,0.29108567325074264,0.994632,DoS
0.015120017327953466,0.49135923385620117,0.2532396255920773,0.998618,DoS
0.003551475330678495,0.46310949325561523,0.23333048429314687,0.99973327,DoS
0.2573414885978336,0.4690558910369873,0.36319868981741044,0.9566735,DoS
0.017880028499361315,0.5164880752563477,0.2671840518778545,0.9983229,DoS
0.0006271926377568616,0.15765446424484253,0.0791408284412997,0.999961,DoS
0.0014732541087366787,0.26199162006378174,0.1317324370862592,0.9999,DoS
0.0038554298092110017,0.5080233812332153,0.2559394055212132,0.9997075,DoS
0.11497901198324639,0.6012367010116577,0.358107856497452,0.9845648,DoS
0.0001886518677555174,0.08717310428619385,0.04368087807697468,0.9999895,DoS
0.0065985362952920516,0.5393564701080322,0.27297750320166214,0.99946386,DoS
0.0011062183589038413,0.3065929412841797,0.15384957982154177,0.99992716,DoS
0.0007840819215486246,0.168978750705719,0.08488141631363381,0.9999502,DoS
0.1254965787500144,0.5744175910949707,0.34995708492249256,0.9827863,DoS
0.0005798524816610874,0.16853433847427368,0.08455709547796739,0.99996424,DoS
0.0012848459390538195,0.06480956077575684,0.033047203357405325,0.99991405,DoS
0.12707666935481648,0.5547397136688232,0.34090819151181984,0.982515,DoS
0.0004224215113022392,0.16454845666885376,0.082485439090078,0.9999747,DoS
0.0024506310097345977,0.07378637790679932,0.03811850445826696,0.99982387,DoS
0.12392418436883848,0.5491369962692261,0.33653059031903226,0.98305523,DoS
0.005440271434743142,0.4768593907356262,0.24114983108518467,0.999569,DoS
0.10294283840935976,0.4661448001861572,0.2845438192977585,0.98654014,DoS
0.0012380530539227294,0.30850183963775635,0.15486994634583953,0.9999175,DoS
0.0011291301765288936,0.3040310740470886,0.15258010211180875,0.9999255,DoS
0.0061041990376761055,0.4268951416015625,0.2164996703196193,0.9995091,DoS
0.0006306836420392557,0.08992195129394531,0.04527631746799229,0.9999608,DoS
0.012979499757483592,0.46449095010757446,0.23873522493252902,0.9988405,DoS
0.005337512472659843,0.4027230739593506,0.20403029321600522,0.9995782,DoS
0.0006149574325576133,0.16820669174194336,0.08441082458725048,0.99996185,DoS
0.11087621536209459,0.5556927919387817,0.33328450365043816,0.9852454,DoS
0.0007755576955116216,0.06389576196670532,0.03233565983110847,0.99995077,DoS
0.0015206820196518628,0.10729330778121948,0.05440699490043567,0.9998964,DoS
0.03175165735506315,0.5771406292915344,0.3044461433232988,0.9967248,DoS
0.0033611278214746272,0.4257776141166687,0.21456937096907167,0.99974924,DoS
0.0006184558267195368,0.16509097814559937,0.08285471698615945,0.9999616,DoS
0.0014208697720308576,0.10557031631469727,0.05349559304336406,0.9999039,DoS
0.00952301864092483,0.49444931745529175,0.2519861680481083,0.99918646,DoS
0.0022465855190642067,0.16001522541046143,0.08113090546476281,0.99984014,DoS
0.03383680188641304,0.44975394010543823,0.24179537099592563,0.99647033,DoS
0.004450348701678034,0.4316812753677368,0.21806581203470743,0.9996563,DoS
0.0005956771948778187,0.18238449096679688,0.09149008408083735,0.99996316,DoS
0.0012380530539227294,0.2957106828689575,0.14847436796144012,0.9999175,DoS
0.0008468491229689616,0.17881149053573608,0.08982916982935252,0.99994576,DoS
0.0011910509008395153,0.31218695640563965,0.1566890036532396,0.99992096,DoS
0.002311110420125759,0.2698853611946106,0.13609823580736818,0.999835,DoS
0.028805680537108667,0.4745216965675354,0.251663688552322,0.9970784,DoS
0.0013041493120950949,0.2849522829055786,0.14312821610883686,0.9999126,DoS
0.002098629717876331,0.3204442858695984,0.16127145779373736,0.9998518,DoS
0.005191553954366558,0.4435255527496338,0.22435855335200017,0.9995912,DoS
0.0005991875975939772,0.17052876949310303,0.0855639785453485,0.9999629,DoS
0.12249832995511332,0.5310752987861633,0.32678681437063833,0.9832982,DoS
0.004422904368624432,0.1796155571937561,0.09201923078119027,0.9996587,DoS
0.009437321567060137,0.4938262104988098,0.25163176603293497,0.9991948,Exploits
0.006541513297615351,0.5004512071609497,0.2534963602292825,0.9994691,Exploits
0.009921122871889046,0.47954320907592773,0.2447321659739084,0.99914753,Exploits
0.0005728044680359582,0.09340280294418335,0.04698780370610965,0.9999647,Exploits
0.9591114714705044,0.7542893886566162,0.8567004300635603,0.6184757,Exploits
0.008799189346334904,0.4799235463142395,0.2443613678302872,0.99925655,Exploits
0.0018864656047840093,0.3098374009132385,0.15586193325901126,0.9998684,Exploits
0.0030930159381771126,0.4983554482460022,0.25072423209208966,0.99977154,Exploits
0.01569718976063459,0.45145076513290405,0.23357397744676933,0.99855703,Exploits
0.029178358879841614,0.49038267135620117,0.2597805151180214,0.9970341,Exploits
0.0007840819215486246,0.168978750705719,0.08488141631363381,0.9999502,Exploits
0.021913250076552353,0.43317079544067383,0.2275420227586131,0.99787676,Exploits
0.0019585236482666064,0.47689205408096313,0.23942528886461487,0.9998628,Exploits
0.05844223075836692,0.4072788953781128,0.23286056306823985,0.9932412,Exploits
0.0029933093322430143,0.11681056022644043,0.05990193477934172,0.99977976,Exploits
0.0018402919579671097,0.11507731676101685,0.05845880435949198,0.99987197,Exploits
0.012306394595982515,0.437938928604126,0.22512266160005426,0.99890924,Exploits
0.028366138564394964,0.4210912585258484,0.22472869854512167,0.9971306,Exploits
0.006151343110036642,0.4427453279495239,0.22444833552978027,0.9995048,Exploits
0.02640018875900868,0.5613951683044434,0.293897678531726,0.99736184,Exploits
0.19355376832775864,0.5116264820098877,0.35259012516882315,0.970167,Exploits
0.1709035672178013,0.5693086385726929,0.3701061028952471,0.9745747,Exploits
0.007906056568115142,0.4603094458580017,0.23410775121305843,0.9993418,Exploits
0.1602193492623472,0.5702823400497437,0.3652508446560454,0.9765828,Exploits
0.010680931474485256,0.43605589866638184,0.22336841507043353,0.99907255,Exploits
0.028694292211156883,0.18899399042129517,0.10884414131622602,0.99709165,Exploits
0.008356993063255736,0.4231969118118286,0.21577695243754216,0.99929893,Exploits
0.1063278331903886,0.4802350401878357,0.29328143668911216,0.9859912,Exploits
0.009614700845400996,0.47639477252960205,0.24300473668750153,0.9991775,Exploits
0.0006306836420392557,0.0900924801826477,0.045361581912343484,0.9999608,Exploits
0.0007584779204255201,0.17397809028625488,0.0873682841033402,0.99995196,Exploits
0.0009575513657871783,0.10526436567306519,0.05311095851942618,0.9999379,Exploits
0.010394506462003386,0.5090841054916382,0.25973930597682077,0.9991009,Exploits
0.0015474783946321942,0.105221688747406,0.0533845835710191,0.9998944,Exploits
0.04311549162769082,0.38473594188690186,0.21392571675729632,0.99529934,Exploits
0.003845632508473276,0.4528558850288391,0.22835075876865618,0.99970835,Exploits
0.02281606494056991,0.4683781862258911,0.24559712558323052,0.99777466,Exploits
0.05766041912537595,0.49459904432296753,0.27612973172417177,0.9933496,Exploits
0.00046588987438010287,0.058946192264556885,0.029706041069468492,0.99997187,Exploits
0.018099544198970793,0.4941987991333008,0.25614917166613577,0.99829906,Exploits
0.006232409416665409,0.49547719955444336,0.25085480448555436,0.9994974,Exploits
0.0211893079183478,0.38117069005966187,0.20117999898900482,0.99795806,Exploits
0.0016337935311484262,0.2749100923538208,0.13827194294248463,0.9998878,Exploits
0.336298659115455,0.4609963297843933,0.39864749444992414,0.93775356,Exploits
0.02182486039931009,0.556343674659729,0.28908426752951955,0.9978867,Exploits
0.00462270857230045,0.4556547999382019,0.23013875425525118,0.9996413,Exploits
0.005793782445398874,0.40437746047973633,0.2050856214625676,0.9995372,Exploits
0.0020012940876084732,0.3023580312728882,0.15217966268024832,0.99985945,Exploits
0.07795319492092052,0.5257418155670166,0.3018475052439686,0.99042636,Exploits
0.025279291832010324,0.41564834117889404,0.2204638165054522,0.9974922,Exploits
0.0005374222287052774,0.08632612228393555,0.04343177225632041,0.9999671,Exploits
0.003169311069858896,0.43826085329055786,0.22071508218020838,0.9997652,Exploits
0.03237780856564976,0.5124622583389282,0.272420033452289,0.9966487,Exploits
0.015003328442957509,0.4753076434135437,0.2451554859282506,0.9986303,Exploits
0.016023878867635257,0.4330098628997803,0.22451687088370775,0.99852234,Exploits
0.0672075630357349,0.5003920793533325,0.28379982119453373,0.992002,Exploits
0.28114479038616336,0.5065113306045532,0.3938280604953583,0.95123094,Exploits
0.010025552618553188,0.39740222692489624,0.20371388977172472,0.9991373,Exploits
0.0009542188660230964,0.3077056407928467,0.1543299298294349,0.99993813,Exploits
0.0013250232864640496,0.47170543670654297,0.2365152299965035,0.99991107,Exploits
0.008142986182931708,0.5189704895019531,0.26355673784244243,0.9993193,Exploits
0.08179270760143273,0.46620917320251465,0.2740009404019737,0.989849,Exploits
0.012267679688935945,0.4274948239326477,0.21988125181079182,0.99891317,Exploits
0.21680317849115335,0.5270648002624512,0.3719339893768023,0.9654327,Exploits
0.003930895594867433,0.49476414918899536,0.2493475223919314,0.9997011,Exploits
0.01375382208347527,0.453413188457489,0.23358350527048213,0.9987607,Exploits
0.004871433442556562,0.48880481719970703,0.2468381253211318,0.9996195,Exploits
0.05114722653334565,0.46214359998703003,0.25664541326018786,0.99423885,Exploits
0.004274282806471693,0.44800394773483276,0.22613911527065222,0.9996716,Exploits
0.010579985720115545,0.431193470954895,0.22088672833750528,0.99908257,Exploits
0.01332684156234685,0.46515965461730957,0.23924324808982822,0.9988048,Exploits
0.04327936422167388,0.48816603422164917,0.26572269922166153,0.9952781,Exploits
0.0007379257417197033,0.1742430329322815,0.0874904793370006,0.9999534,Exploits
0.01568369180977078,0.4124714136123657,0.21407755271106826,0.99855846,Exploits
0.017625327567891334,0.4120100140571594,0.21481767081252537,0.9983505,Exploits
0.00928213611236734,0.4987561106681824,0.2540191233902749,0.9992099,Exploits
0.00570719791418344,0.37735557556152344,0.19153138673785344,0.99954504,Exploits
0.4056281333486195,0.6662100553512573,0.5359190943499385,0.9190185,Exploits
0.0050086020350534055,0.3526124954223633,0.17881054872870833,0.9996074,Exploits
0.030012404868574323,0.4471944570541382,0.23860343096135625,0.9969344,Exploits
0.0004676916193828309,0.08497577905654907,0.04272173533796595,0.99997175,Exploits
0.03212931782021328,0.4718056321144104,0.25196747496731187,0.99667895,Exploits
0.001831039996748282,0.3183016777038574,0.16006635885030285,0.9998727,Exploits
0.10925556909843595,0.4810837507247925,0.2951696599116142,0.9855122,Exploits
0.03437550529349375,0.4624035954475403,0.24838955037051702,0.99640405,Exploits
0.03236409294924345,0.5153847336769104,0.27387441331307694,0.9966504,Exploits
0.005748862054969415,0.49026381969451904,0.24800634087474424,0.9995413,Exploits
0.027864137329899945,0.4793354868888855,0.2535998121093927,0.99718994,Exploits
0.001871089952712536,0.10615181922912598,0.05401145459091926,0.9998696,Exploits
0.003169311069858896,0.43826085329055786,0.22071508218020838,0.9997652,Exploits
0.006331566820189038,0.4081757664680481,0.20725366664411857,0.99948835,Exploits
0.002651768078954802,0.267486035823822,0.1350689019513884,0.99980766,Exploits
0.011297666634937127,0.4551195502281189,0.23320860843152802,0.99901104,Exploits
0.0035670384169671195,0.4366787075996399,0.2201228730083035,0.99973196,Exploits
0.008313261099816028,0.5166786909103394,0.2624959760050777,0.9993031,Exploits
0.9325269092480839,0.7301312685012817,0.8313290888746828,0.6517153,Exploits
0.01784706023135959,0.4765571355819702,0.2472020979066649,0.9983265,Exploits
0.0005178568928322801,0.07978081703186035,0.040149336962346314,0.9999684,Exploits
0.10391235835685182,0.48259323835372925,0.29325279835529056,0.98638344,Exploits
0.006000554633663755,0.5036911964416504,0.2548458755376571,0.9995185,Exploits
0.0011062183589038413,0.09794610738754272,0.049526162873223284,0.99992716,Fuzzers
0.4285963303800222,0.4749636650085449,0.45177999769428356,0.9123442,Fuzzers
0.10698421572632219,0.3021107316017151,0.20454747366401865,0.98588413,Fuzzers
0.7386451915029613,0.6610954999923706,0.6998703457476659,0.7914795,Fuzzers
0.8552361001325037,0.6235632300376892,0.7393996650850965,0.7201575,Fuzzers
0.0015064726249315531,0.0850638747215271,0.04328517367322933,0.9998975,Fuzzers
0.5820568797015335,0.36073535680770874,0.47139611825462113,0.86083156,Fuzzers
0.6739589048777909,0.655492901802063,0.6647259033399269,0.82277936,Fuzzers
0.7977459975760604,0.5174762010574341,0.6576110993167472,0.7583666,Fuzzers
0.9822166526833193,0.7044912576675415,0.8433539551754303,0.5783446,Fuzzers
0.9521947592094293,0.7149354219436646,0.8335650905765469,0.62800086,Fuzzers
0.1690682758569502,0.5132098197937012,0.34113904782532567,0.9749229,Fuzzers
0.8450482778520181,0.715035080909729,0.7800416793808735,0.27251354,Fuzzers
0.9976704117505731,0.5060559511184692,0.7518631814345211,0.52840644,Fuzzers
0.8945204632339119,0.7275077104568481,0.81101408684538,0.68882906,Fuzzers
0.9741308883530042,0.8466676473617554,0.9103992678573798,0.40559745,Fuzzers
0.911841781906885,0.6390941143035889,0.7754679481052369,0.6729905,Fuzzers
0.5044375407271425,0.6424543857574463,0.5734459632422944,0.88849545,Fuzzers
0.8798730448252282,0.6341493129730225,0.7570111788991254,0.70115614,Fuzzers
0.1235458225369403,0.45350438356399536,0.28852510305046786,0.9831198,Fuzzers
0.0030121283322715083,0.4412879943847656,0.22215006135851856,0.9997782,Fuzzers
0.24789798573245087,0.5402094125747681,0.39405369915360944,0.9587712,Fuzzers
0.0018248687755341188,0.12045854330062866,0.06114170603808139,0.99987316,Fuzzers
0.2875638493491355,0.4943498969078064,0.39095687312847094,0.94972503,Fuzzers
0.37833078902969824,0.6295385956764221,0.5039346923530602,0.9266423,Fuzzers
0.36735244849452175,0.5639212131500244,0.4656368308222731,0.9296167,Fuzzers
0.8244371890420156,0.776584267616272,0.8005107283291437,0.74152446,Fuzzers
0.9772546092406255,0.47001153230667114,0.7236330707736482,0.58855206,Fuzzers
0.17430986634970577,1.0195404291152954,0.5969251477325006,0.026075158,Fuzzers
0.26721309927687664,0.571609616279602,0.41941135777823935,0.9544434,Fuzzers
0.26090619450009844,0.31882911920547485,0.28986765685278665,0.9558726,Fuzzers
0.002769151780578316,0.10660827159881592,0.05468871168969712,0.9997981,Fuzzers
0.0013330412217773945,0.28265297412872314,0.14199300767525028,0.9999105,Fuzzers
0.931525884228737,0.6765569448471069,0.804041414537922,0.34718168,Fuzzers
0.7537172350766252,0.6466658115386963,0.7001915233076608,0.7835041,Fuzzers
0.8746108056654534,0.8232872486114502,0.8489490271384518,0.29461697,Fuzzers
0.5613818133454102,0.5819624662399292,0.5716721397926696,0.8685572,Fuzzers
0.0012542116133447854,0.04260706901550293,0.021930640314423856,0.9999163,Fuzzers
0.5605415491089571,0.7097424268722534,0.6351419879906053,0.86886543,Fuzzers
0.29896406332687847,0.43986088037490845,0.36941247185089343,0.9470102,Fuzzers
0.6571697865179126,0.6993045210838318,0.6782371538008722,0.83023375,Fuzzers
0.6852554133170635,0.6055818796157837,0.6454186464664236,0.8176203,Fuzzers
0.15479460799533842,0.42963969707489014,0.29221715253511427,0.9775848,Fuzzers
0.9999986268866284,0.7655010223388672,0.8827498246127479,0.50067157,Fuzzers
0.5252521280087784,0.6344054341316223,0.5798287810702003,0.88142455,Fuzzers
0.8045602081772211,0.7564916014671326,0.7805259048221769,0.7541957,Fuzzers
0.0005374222287052774,0.08632612228393555,0.04343177225632041,0.9999671,Fuzzers
0.0053949321725058185,0.4390859603881836,0.2222404462803447,0.99957305,Fuzzers
0.9967678467988451,0.7763239145278931,0.886545880663369,0.46654326,Fuzzers
0.26002854553491417,0.64989173412323,0.4549601398290721,0.95607024,Fuzzers
0.9999937253810789,0.893580436706543,0.9467870810438109,0.50147456,Fuzzers
0.9035856687608905,0.6490371227264404,0.7763113957436655,0.68073016,Fuzzers
0.6492292615362513,0.5363819003105164,0.5928055809233839,0.83367467,Fuzzers
0.0011715385117738268,0.3124099373817444,0.1567907379467591,0.9999224,Fuzzers
0.0011274954176107557,0.10089045763015747,0.051008976523884114,0.9999256,Fuzzers
0.8512188433823248,0.7218425273895264,0.7865306853859255,0.7230809,Fuzzers
0.6651548120104847,0.5234671831130981,0.5943109975617914,0.82671934,Fuzzers
0.0012040383621844807,0.3131866455078125,0.15719534193499848,0.99992,Fuzzers
0.1264258870039516,0.5062973499298096,0.3163616184668806,0.98262686,Fuzzers
0.2730407743970256,0.5607595443725586,0.4169001593847921,0.9531089,Fuzzers
0.0006236994920889219,0.07970505952835083,0.04016437951021987,0.99996126,Fuzzers
0.864964212787233,0.6899363994598389,0.7774503061235359,0.71288586,Fuzzers
0.0011291301765288936,0.3040310740470886,0.15258010211180875,0.9999255,Fuzzers
0.2815786596186275,0.49204200506210327,0.3868103323403654,0.9511297,Fuzzers
0.3417837447950853,0.5360196828842163,0.4389017138396508,0.93634564,Fuzzers
0.29198156770184847,0.4980509281158447,0.3950162479088466,0.94867915,Fuzzers
0.4493861521599338,0.6241165399551392,0.5367513460575365,0.90609056,Fuzzers
0.004133249642884661,0.32048916816711426,0.16231120890499945,0.99968374,Fuzzers
0.34792103168245003,0.4818030595779419,0.41486204563019596,0.9347555,Fuzzers
0.6340036804510296,0.6262582540512085,0.6301309672511191,0.8401278,Fuzzers
0.1932194985479754,0.39956921339035034,0.29639435596916286,0.9702335,Fuzzers
0.05225618141502472,0.5183696746826172,0.28531292804882097,0.99408925,Fuzzers
0.0004423995047662228,0.10551530122756958,0.0529788503661679,0.9999734,Fuzzers
0.9064897678033599,0.7597702741622925,0.8331300209828262,0.32195035,Fuzzers
0.08007701942534104,0.44275718927383423,0.26141710434958765,0.9901079,Fuzzers
0.0029933093322430143,0.1079975962638855,0.055495452798064254,0.99977976,Fuzzers
0.0013570611014523172,0.10225421190261841,0.05180563650203536,0.9999087,Fuzzers
0.9920918105045362,0.6399945020675659,0.8160431562860511,0.5523044,Fuzzers
0.23803443674016708,0.4759027361869812,0.35696858646357416,0.9609251,Fuzzers
0.0031980372111072098,0.43701761960983276,0.22010782841047,0.99976283,Fuzzers
0.0009224932734449402,0.10917383432388306,0.055048163798664,0.9999404,Fuzzers
0.41803758451728823,0.5825550556182861,0.5002963200677872,0.9154425,Fuzzers
0.40623630699773317,0.6790469288825989,0.5426416179401661,0.9188449,Fuzzers
0.7787608327473149,0.664810299873352,0.7217855663103334,0.7695696,Fuzzers
0.2551126579361457,0.5969855189323425,0.4260490884342441,0.95717174,Fuzzers
0.8400460764603478,0.6510039567947388,0.7455250166275433,0.7309861,Fuzzers
0.8474561209554228,0.8578515648841858,0.8526538429198043,0.7257793,Fuzzers
0.0052022860748647355,0.1210559606552124,0.06312912336503856,0.9995902,Fuzzers
0.0012234889449850152,0.10049152374267578,0.0508575063438304,0.9999186,Fuzzers
0.4372265057916434,0.5303069353103638,0.48376672055100356,0.9097732,Fuzzers
0.0019982427391701182,0.2530195116996765,0.1275088772194233,0.9998597,Fuzzers
0.2872633311645841,0.5862516164779663,0.43675747382127517,0.9497959,Fuzzers
0.2066380579205816,0.6277253031730652,0.41718168054682336,0.96752864,Fuzzers
0.0018325822981964004,0.3269921541213989,0.16441236820979765,0.99987257,Fuzzers
0.5731443947685211,0.5385366678237915,0.5558405312961563,0.86419564,Fuzzers
0.9033329402554476,0.7401150465011597,0.8217239933783036,0.6809614,Fuzzers
0.059964642681635864,0.32008373737335205,0.19002419002749396,0.99302906,Fuzzers
0.4392927053591092,0.5452841520309448,0.492288428695027,0.9091524,Fuzzers
0.9362573849279491,0.6465016007423401,0.7913794928351445,0.35247317,Fuzzers
0.3595545401260884,0.4937747120857239,0.42666462610590616,0.9316981,Fuzzers
0.0046513460349944125,0.05210912227630615,0.02838023415565028,0.9996388,Generic
0.00036187610235514564,0.10211044549942017,0.05123616080088766,0.99997866,Generic
0.0002965065506597841,0.10547441244125366,0.05288545949595672,0.99998283,Generic
0.045996899709161994,0.37538862228393555,0.21069276099654877,0.99492365,Generic
9.957115280136313e-05,0.10556155443191528,0.05283056279235832,0.99999475,Generic
0.001496990737688281,0.07402569055557251,0.03776134064663039,0.9998982,Generic
0.028961582810115804,0.21357834339141846,0.12126996310076713,0.9970599,Generic
0.007477781474454642,0.07932442426681519,0.043401102870634915,0.99938214,Generic
0.0001668386963821286,0.099617600440979,0.04989221956868057,0.9999908,Generic
0.0003265524572113007,0.1091989278793335,0.0547627401682724,0.9999809,Generic
0.009997641043571167,0.0851738452911377,0.04758574316735443,0.99914,Generic
0.0002965065506597841,0.11343944072723389,0.056867973638946835,0.99998283,Generic
0.002529261007444013,0.07379895448684692,0.038164107747145466,0.99981755,Generic
0.00021802034069155047,0.10594397783279419,0.05308099908674287,0.9999877,Generic
0.0010305410379458848,0.12941128015518188,0.06522091059656389,0.99993265,Generic
0.0001346146018453863,0.10134857892990112,0.050741596765873254,0.9999927,Generic
0.0006306836420392557,0.1114116907119751,0.05602118717700718,0.9999608,Generic
0.00016484282008392593,0.09779387712478638,0.04897935997243515,0.99999094,Generic
0.0003265524572113007,0.10939186811447144,0.05485921028584137,0.9999809,Generic
0.00020827552489366332,0.10616004467010498,0.05318416009749932,0.9999883,Generic
0.0004982129555133806,0.11876863241195679,0.05963342268373508,0.9999697,Generic
0.0001628446869333102,0.09907799959182739,0.04962042213938035,0.99999106,Generic
0.0048768492165406655,0.0906832218170166,0.04778003551677863,0.999619,Generic
0.00030592719847525267,0.10690385103225708,0.053604889115366164,0.99998224,Generic
0.00012235321715814662,0.09835362434387207,0.04923798878051511,0.99999344,Generic
0.0001668386963821286,0.11073756217956543,0.05545220043797378,0.9999908,Generic
0.00024701176181978374,0.10508120059967041,0.052664106180745095,0.99998593,Generic
0.014398630724451574,0.07397586107254028,0.04418724589849593,0.99869365,Generic
0.0012202497424499902,0.05898696184158325,0.03010360579201662,0.9999188,Generic
0.0002199642359053371,0.11440801620483398,0.05731399022036966,0.9999876,Generic
0.0062572206012812895,0.05304849147796631,0.0296528560396238,0.99949515,Generic
0.000248932374714258,0.1075751781463623,0.05391205526053828,0.9999858,Generic
0.00016484282008392593,0.10286670923233032,0.051515776026207126,0.99999094,Generic
0.005882154655653161,0.08380532264709473,0.04484373865137394,0.99952924,Generic
0.028864853317921154,0.17319130897521973,0.10102808114657044,0.9970714,Generic
0.00021022792266770377,0.10024666786193848,0.05022844789230309,0.9999882,Generic
0.00458448609995342,0.09534668922424316,0.04996558766209829,0.99964464,Generic
0.09398433736832582,0.3788277506828308,0.2364060440255783,0.98796755,Generic
0.0046104276002336625,0.08285331726074219,0.04373187243048793,0.9996424,Generic
0.00023352598746201553,0.10064810514450073,0.05044081556598137,0.99998677,Generic
0.0018294973593965488,0.08219492435455322,0.04201221085697489,0.9998728,Generic
0.0046104276002336625,0.08285331726074219,0.04373187243048793,0.9996424,Generic
0.01793001095726832,0.21497845649719238,0.11645423372723035,0.9983175,Generic
0.0001906226772464532,0.10979896783828735,0.054994795257766904,0.9999894,Generic
0.0006602741472647816,0.08002948760986328,0.040344880878564034,0.99995875,Generic
0.0004928414368305488,0.07112795114517212,0.035810396291001335,0.9999701,Generic
0.00022578601239005546,0.10873854160308838,0.054482163807739216,0.99998724,Generic
0.00015683638946939376,0.10586589574813843,0.05301136606880391,0.9999914,Generic
0.06120753980159002,0.38517338037490845,0.22319046008824922,0.9928549,Generic
0.0042218183567537025,0.08610522747039795,0.045163522913575824,0.9996761,Generic
0.0046104276002336625,0.08285331726074219,0.04373187243048793,0.9996424,Generic
0.00027567437529691676,0.10849642753601074,0.05438605095565383,0.99998415,Generic
0.00037111252803178116,0.10991227626800537,0.055141694398018574,0.99997807,Generic
0.0009475499196274568,0.15221500396728516,0.0765812769434563,0.9999386,Generic
0.0007584779204255201,0.07541763782501221,0.038088057872718864,0.99995196,Generic
0.00045325695930073436,0.10664457082748413,0.05354891389339243,0.9999727,Generic
0.015876398370062557,0.18627798557281494,0.10107719197143875,0.998538,Generic
0.0002927299443287647,0.10621917247772217,0.053255951211025464,0.9999831,Generic
0.0008654077976958564,0.07179808616638184,0.036331746982038844,0.99994445,Generic
0.08632610578468229,0.42964261770248413,0.2579843617435832,0.9891578,Generic
0.0006637457951013633,0.07245445251464844,0.0365590991548749,0.9999585,Generic
0.001680639153147066,0.06868839263916016,0.03518451589615361,0.99988425,Generic
0.0003526156175820882,0.11095738410949707,0.05565499986353958,0.99997926,Generic
0.0001906226772464532,0.10979896783828735,0.054994795257766904,0.9999894,Generic
0.0022676192995779816,0.08532428741455078,0.043795953357064384,0.9998385,Generic
0.00024124114765441994,0.11200577020645142,0.05612350567705292,0.9999863,Generic
0.029133828809412746,0.37200987339019775,0.20057185109980524,0.9970394,Generic
0.00017876800885501006,0.10467326641082764,0.05242601720984132,0.9999901,Generic
0.05702845275140704,0.37604963779449463,0.21653904527295084,0.993437,Generic
0.00021022792266770377,0.11396926641464233,0.05708974716865502,0.9999882,Generic
0.0002737729928843993,0.11252760887145996,0.05640069093217218,0.99998426,Generic
0.0019707555784056084,0.0790780782699585,0.04052441692418205,0.99986184,Generic
0.00010790479552482448,0.10855501890182495,0.054331461848674885,0.9999943,Generic
0.0003265524572113007,0.1091989278793335,0.0547627401682724,0.9999809,Generic
0.00021412753270372867,0.1004796028137207,0.05034686517321221,0.99998796,Generic
0.0013009345465480589,0.07622289657592773,0.0387619155612379,0.99991286,Generic
0.000332154552731831,0.12283092737197876,0.0615815409623553,0.99998057,Generic
0.0001886518677555174,0.10655897855758667,0.053373815212671094,0.9999895,Generic
0.0001668386963821286,0.10508078336715698,0.05262381103176956,0.9999908,Generic
0.0001366480048755735,0.10666418075561523,0.053400414380245405,0.9999926,Generic
0.0007738515570753034,0.130404531955719,0.06558919175639714,0.9999509,Generic
0.00025085156001836866,0.11046826839447021,0.055359559977244295,0.9999857,Generic
0.01947219416731418,0.09705430269241333,0.05826324842986376,0.9981488,Generic
0.06558846461593403,0.219524085521698,0.14255627506881602,0.9922341,Generic
0.012319294638411684,0.07919913530349731,0.0457592149709545,0.9989079,Generic
0.0024833088890611837,0.0806766152381897,0.04157996206362544,0.99982125,Generic
0.005275986687024518,0.09076124429702759,0.04801861549202605,0.99958366,Generic
0.005618429673567108,0.09186500310897827,0.04874171639127269,0.999553,Generic
0.08768004995251544,0.3807659149169922,0.2342229824347538,0.9889494,Generic
0.002054596448893998,0.07785558700561523,0.039955091727254616,0.9998553,Generic
0.0005249804427828249,0.10909444093704224,0.05480971068991253,0.99996793,Generic
0.0002623368394032284,0.10612982511520386,0.05319608097730354,0.999985,Generic
0.0003563227338527614,0.1237897276878357,0.06207302521084423,0.999979,Generic
0.001366654928575277,0.07676476240158081,0.039065708665078046,0.999908,Generic
0.0001906226772464532,0.10422664880752563,0.052208635742386045,0.9999894,Generic
0.0005107228878817194,0.11083924770355225,0.05567498529571698,0.9999689,Generic
0.0001528189612404194,0.09914267063140869,0.049647744796324556,0.99999166,Generic
0.00012235321715814662,0.09705716371536255,0.04858975846626035,0.99999344,Generic
0.00026042611467141973,0.10650789737701416,0.05338416174584279,0.9999851,Generic
0.00031156571854403095,0.10660427808761597,0.05345792190308,0.9999819,Generic
0.050762431475413636,0.3893558382987976,0.22005913488710563,0.9942906,Reconnaissance
0.3800561619788167,0.4773072600364685,0.42868171100764263,0.9261701,Reconnaissance
0.011147591617842428,0.3918790817260742,0.2015133366719583,0.99902606,Reconnaissance
0.31373124615405673,0.5994945764541626,0.45661291130410964,0.94341636,Reconnaissance
0.0033025979601811876,0.39999455213546753,0.20164857504782435,0.99975413,Reconnaissance
0.01967699325774475,0.38692688941955566,0.2033019413386502,0.9981262,Reconnaissance
0.029427776719255404,0.4089440703392029,0.21918592352922914,0.99700433,Reconnaissance
0.08542555625464407,0.40746939182281494,0.24644747403872952,0.9892959,Reconnaissance
0.6077802387997584,0.5362644195556641,0.5720223291777112,0.8508217,Reconnaissance
0.0224105768763415,0.3870584964752197,0.20473453667578062,0.9978206,Reconnaissance
0.025635510897609917,0.4022648334503174,0.21395017217396364,0.9974509,Reconnaissance
0.4507157070380915,0.49750036001205444,0.47410803352507297,0.9056836,Reconnaissance
0.23450079520421438,0.5364900827407837,0.38549543897249905,0.9616875,Reconnaissance
0.0394608414862537,0.376670777797699,0.20806580964197635,0.99576783,Reconnaissance
0.017888818425157757,0.39191102981567383,0.2048999241204158,0.99832195,Reconnaissance
0.010688135935219056,0.3856055736541748,0.19814685479469693,0.99907184,Reconnaissance
0.023413637471595177,0.3963010907173157,0.20985736409445543,0.99770665,Reconnaissance
0.022279323210600603,0.3785417079925537,0.20041051560157716,0.99783546,Reconnaissance
0.03681255051356922,0.40759140253067017,0.2222019765221197,0.9961015,Reconnaissance
0.01967699325774475,0.38692688941955566,0.2033019413386502,0.9981262,Reconnaissance
0.01839840570689318,0.39041852951049805,0.2044084676086956,0.9982665,Reconnaissance
0.02931536724631412,0.45525920391082764,0.24228728557857088,0.99701774,Reconnaissance
0.022160594718854572,0.4331732392311096,0.2276669169749821,0.99784887,Reconnaissance
0.016206912747430458,0.3901097774505615,0.203158345098996,0.99850285,Reconnaissance
0.06191933299784847,0.4587787389755249,0.2603490359866867,0.99275476,Reconnaissance
0.03952704137069128,0.39093947410583496,0.21523325773826313,0.9957594,Reconnaissance
0.03761863051093429,0.3892148733139038,0.21341675191241904,0.99600047,Reconnaissance
0.03146521756282222,0.3796851634979248,0.2055751905303735,0.9967595,Reconnaissance
0.04188382712462114,0.4315277934074402,0.23670581026603066,0.99545825,Reconnaissance
0.050666567270931134,0.38720810413360596,0.21893733570226853,0.99430346,Reconnaissance
0.0184978278024654,0.39045971632003784,0.20447877206125162,0.99825567,Reconnaissance
0.018505472968742036,0.3911404013633728,0.20482293716605743,0.99825484,Reconnaissance
0.02522832316108978,0.42934155464172363,0.22728493890140672,0.9974981,Reconnaissance
0.0008078952205003429,0.09492206573486328,0.04786498047768181,0.9999485,Reconnaissance
0.016230395097345533,0.3904690742492676,0.20334973467330655,0.99850035,Reconnaissance
0.013139737874352714,0.3905889391899109,0.20186433853213182,0.99882406,Reconnaissance
0.0028596751175828474,0.4785693883895874,0.24071453175358512,0.9997907,Reconnaissance
0.5333537147429728,0.5405248403549194,0.5369392775489461,0.8786063,Reconnaissance
0.0011242251439913464,0.3218504786491394,0.16148735189656538,0.99992585,Reconnaissance
0.01768479863111391,0.3877684473991394,0.20272662301512664,0.99834406,Reconnaissance
0.4010282423729802,0.5303405523300171,0.46568439735149864,0.92032635,Reconnaissance
0.02437688811401749,0.4225032925605774,0.22344009033729745,0.9975963,Reconnaissance
0.0034308980254356878,0.436235249042511,0.21983307353397333,0.9997434,Reconnaissance
0.026962453789257598,0.41765230894088745,0.22230738136507253,0.99729604,Reconnaissance
0.027811112928855804,0.3874253034591675,0.20761820819401164,0.9971962,Reconnaissance
0.04128963244034797,0.3961526155471802,0.2187211239937641,0.99553454,Reconnaissance
0.011477676038583174,0.46804600954055786,0.23976184278957052,0.998993,Reconnaissance
0.013221471285560804,0.4081488251686096,0.2106851482270852,0.99881566,Reconnaissance
0.020119292327330097,0.4114071726799011,0.21576323250361562,0.9980773,Reconnaissance
0.02327092949258392,0.38570261001586914,0.20448676975422653,0.9977229,Reconnaissance
0.045105352396004876,0.3946775794029236,0.21989146589946423,0.9950405,Reconnaissance
0.017888818425157757,0.39191102981567383,0.2048999241204158,0.99832195,Reconnaissance
0.006039944706976408,0.373574435710907,0.18980719020894168,0.99951494,Reconnaissance
0.045913369885421065,0.4473007917404175,0.24660708081291927,0.9949346,Reconnaissance
0.059067065226782865,0.3868476152420044,0.22295734023439362,0.9931543,Reconnaissance
0.02451832772097863,0.3753809332847595,0.19994963050286907,0.99758005,Reconnaissance
0.5088436932465851,0.5406135320663452,0.5247286126564652,0.8870186,Reconnaissance
0.0011780469802174164,0.3094125986099243,0.15529532279507086,0.9999219,Reconnaissance
0.02891748807077193,0.3913003206253052,0.21010890434803856,0.9970651,Reconnaissance
0.004398183206177363,0.4443802833557129,0.22438923328094512,0.99966085,Reconnaissance
0.024110153771444952,0.38236093521118164,0.20323554449131329,0.99762696,Reconnaissance
0.0439784199528528,0.4315216541290283,0.23775003704094055,0.9951874,Reconnaissance
0.0029976539095989897,0.2704867720603943,0.13674221298499664,0.9997794,Reconnaissance
0.16680380179087095,0.40792763233184814,0.28736571706135955,0.9753507,Reconnaissance
0.02637058624522892,0.48684006929397583,0.2566053277696024,0.9973653,Reconnaissance
0.022767753939050978,0.38057607412338257,0.20167191403121676,0.99778014,Reconnaissance
0.026427746291580526,0.4137382507324219,0.2200829985120012,0.9973586,Reconnaissance
0.026783433285854013,0.3628044128417969,0.19479392306382545,0.997317,Reconnaissance
0.07378705493967282,0.409601628780365,0.2416943418600189,0.9910444,Reconnaissance
0.10306799878352518,0.39409422874450684,0.248581113764016,0.98651993,Reconnaissance
0.022629533632335674,0.3873080611228943,0.20496879737761498,0.9977958,Reconnaissance
0.009101280231611577,0.39089906215667725,0.2000001711941444,0.9992274,Reconnaissance
0.016230395097345533,0.3904690742492676,0.20334973467330655,0.99850035,Reconnaissance
0.07530675276173283,0.44414329528808594,0.2597250240249094,0.99082,Reconnaissance
0.004400931233651403,0.4295161962509155,0.21695856374228348,0.9996606,Reconnaissance
0.03303706106206962,0.37105780839920044,0.20204743473063502,0.9965683,Reconnaissance
0.020685551923368194,0.38094407320022583,0.200814812561797,0.99801433,Reconnaissance
0.026888737725531527,0.41399186849594116,0.22044030311073634,0.9973047,Reconnaissance
0.05527025798826303,0.393568217754364,0.22441923787131351,0.99367887,Reconnaissance
0.025361109890929386,0.41361087560653687,0.21948599274873312,0.9974827,Reconnaissance
0.08115125530937717,0.4535629153251648,0.267357085317271,0.98994595,Reconnaissance
0.0502697979209328,0.496066689491272,0.2731682437061024,0.9943567,Reconnaissance
0.022351030570709175,0.38017284870147705,0.20126193963609312,0.99782735,Reconnaissance
0.014924501269826109,0.3926481008529663,0.2037863010613962,0.9986386,Reconnaissance
0.37405942791286956,0.5436642169952393,0.4588618224540544,0.9278057,Reconnaissance
0.04407284380263433,0.41226911544799805,0.22817097962531618,0.9951751,Reconnaissance
0.0184978278024654,0.39045971632003784,0.20447877206125162,0.99825567,Reconnaissance
0.04153636036361311,0.3794739246368408,0.21050514250022698,0.9955029,Reconnaissance
0.023368698942370508,0.3863105773925781,0.2048396381674743,0.9977118,Reconnaissance
0.09697196623453613,0.45357292890548706,0.27527244757001157,0.98749566,Reconnaissance
0.01811708508574434,0.3786734342575073,0.19839525967162583,0.99829715,Reconnaissance
0.04226026490061279,0.41237467527389526,0.22731747008725403,0.9954098,Reconnaissance
0.020428522508039268,0.42499619722366333,0.2227123598658513,0.99804294,Reconnaissance
0.01999072185966555,0.38366466760635376,0.20182769473300965,0.9980915,Reconnaissance
0.41851281557728487,0.47943979501724243,0.4489763052972636,0.9153042,Reconnaissance
0.1804642977575784,0.4987432360649109,0.33960376691124466,0.972739,Reconnaissance
0.03843187466059936,0.40670061111450195,0.22256624288755067,0.99589807,Reconnaissance
0.016928773646836683,0.38209033012390137,0.19950955188536904,0.9984256,Reconnaissance
0.012668510785446457,0.3721497058868408,0.19240910833614364,0.99887234,Reconnaissance
0.009634240358683592,0.4078604578971863,0.20874734912793494,0.9991756,Reconnaissance
0.04644482852333418,0.42080914974212646,0.23362698913273033,0.99486476,Shellcode
0.018307089637357325,0.5283106565475464,0.27330887309245183,0.9982765,Shellcode
0.510006983897021,0.5092997550964355,0.5096533694967282,0.88662696,Shellcode
0.08390073119980522,0.47817015647888184,0.28103544383934354,0.98952883,Shellcode
0.32149824064099747,0.6381983160972595,0.47984827836912847,0.9414908,Shellcode
0.04343988315396512,0.4827946424484253,0.2631172628011952,0.9952573,Shellcode
0.21603759772083755,0.560165286064148,0.38810144189249274,0.96559197,Shellcode
0.10499788060235082,0.5612074732780457,0.33310267694019824,0.9862075,Shellcode
0.9636776968422374,0.6998027563095093,0.8317402265758733,0.6117244,Shellcode
0.2207478800604995,0.6270508766174316,0.42389937833896557,0.9646085,Shellcode
0.12670720762510046,0.5616796612739563,0.3441934344495284,0.9825785,Shellcode
0.1493270967928432,0.5667508840560913,0.35803899042446724,0.9785825,Shellcode
0.04490603256534164,0.5113091468811035,0.2781075897232226,0.9950665,Shellcode
0.05107191425564126,0.5210503339767456,0.28606112411619344,0.994249,Shellcode
0.15873292470877132,0.48191219568252563,0.3203225601956485,0.97685856,Shellcode
0.1104453235792735,0.586572527885437,0.34850892573235526,0.98531646,Shellcode
0.17570607525398846,0.5898827314376831,0.3827944033458358,0.97365713,Shellcode
0.542118638561545,0.5180667638778687,0.5300927012197068,0.8755144,Shellcode
0.06707529762830572,0.5109723210334778,0.2890238093308918,0.992021,Shellcode
0.021462651500448418,0.5106448531150818,0.2660537523077651,0.9979274,Shellcode
0.08122465428009072,0.5357012748718262,0.30846296457595845,0.98993486,Shellcode
0.03911301732379935,0.5373942255973816,0.28825362146059047,0.99581194,Shellcode
0.2418496568712449,0.5984715819358826,0.42016061940356375,0.9600965,Shellcode
0.03487145488846154,0.44372230768203735,0.23929688128524945,0.99634284,Shellcode
0.2590625404828491,0.6516704559326172,0.4553664982077331,0.95628744,Shellcode
0.05059641984721047,0.4091503620147705,0.2298733909309905,0.9943129,Shellcode
0.3609337979903454,0.5942234992980957,0.47757864864422056,0.9313318,Shellcode
0.4061123505021238,0.6243857741355896,0.5152490623188567,0.9188803,Shellcode
0.48995707447678394,0.6332195997238159,0.5615883371002999,0.89327526,Shellcode
0.08545435797420575,0.4037247896194458,0.24458957379682578,0.9892915,Shellcode
0.12563881915119365,0.5717872977256775,0.3487130584384356,0.9827619,Shellcode
0.07248572671408801,0.49584460258483887,0.28416516464946345,0.9912356,Shellcode
0.8872227234098503,0.6907012462615967,0.7889619848357234,0.6950795,Shellcode
0.05249403879562582,0.43687325716018677,0.2446836479779063,0.99405706,Shellcode
0.06592899026464238,0.4453136920928955,0.25562134117876895,0.9921854,Shellcode
0.24370283442778573,0.500468373298645,0.3720856038632154,0.95969194,Shellcode
0.1387378670052438,0.5704634785652161,0.35460067278522994,0.98047984,Shellcode
0.29248302611610166,0.5769537687301636,0.4347183974231326,0.94855994,Shellcode
0.03337563578258226,0.4328921437263489,0.23313388975446556,0.9965269,Shellcode
0.16486987837975003,0.5664266347885132,0.3656482565841316,0.9757144,Shellcode
0.047666663143015486,0.5186178684234619,0.2831422657832387,0.9947035,Shellcode
0.3157002970216164,0.541047215461731,0.4283737562416737,0.9429305,Shellcode
0.41586204697953644,0.6430891752243042,0.5294756111019203,0.9160745,Shellcode
0.0536541477670209,0.5004218816757202,0.2770380147213706,0.9938996,Shellcode
0.017882226652617655,0.49068737030029297,0.2542847984764553,0.99832267,Shellcode
0.047645052448043006,0.40842580795288086,0.22803543020046194,0.99470633,Shellcode
0.01212966092438962,0.4739614725112915,0.24304556671784056,0.9989272,Shellcode
0.05636623892871764,0.5255531072616577,0.29095967309518767,0.9935283,Shellcode
0.14375208568464304,0.4851676821708679,0.3144598839277555,0.9795872,Shellcode
0.09460161534901948,0.48029905557632446,0.28745033546267196,0.9878704,Shellcode
0.2099240229414605,0.640112042427063,0.42501803268426175,0.9668555,Shellcode
0.0424738539168398,0.45784473419189453,0.25015929405436715,0.99538225,Shellcode
0.05557405459209651,0.45005953311920166,0.2528167938556491,0.9936372,Shellcode
0.11920747417760051,0.5533268451690674,0.3362671596733339,0.98385555,Shellcode
0.10288041945601224,0.5076578855514526,0.30526915250373243,0.9865502,Shellcode
0.06747024503709649,0.5136623382568359,0.29056629164696623,0.9919642,Shellcode
0.982837510052934,0.6895800828933716,0.8362087964731528,0.5769705,Shellcode
0.32972726651948114,0.5558158755302429,0.44277157102486203,0.939424,Shellcode
0.1485198532253559,0.49087196588516235,0.3196959095552591,0.9787288,Shellcode
0.11948588184260037,0.5677636861801147,0.34362478401135754,0.9838086,Shellcode
0.05486892572355899,0.5317383408546448,0.29330363328910186,0.9937338,Shellcode
0.300645408717376,0.5578171014785767,0.4292312550979763,0.94660544,Shellcode
0.38564929575885154,0.5473439693450928,0.46649663255197216,0.9246305,Shellcode
0.0390654936803539,0.4170805811882019,0.2280730374342779,0.99581796,Shellcode
0.06190664927734734,0.4318907856941223,0.24689871748573483,0.99275655,Shellcode
0.08836334777330905,0.4548417925834656,0.2716025701783873,0.9888439,Shellcode
0.13946504189983877,0.4910926818847656,0.3152788618923022,0.98035103,Shellcode
0.14661957392031,0.4734700322151184,0.3100448030677142,0.97907203,Shellcode
0.060040959982956235,0.5581679344177246,0.3091044472003404,0.9930184,Shellcode
0.05070518275050768,0.5208690166473389,0.2857870996989233,0.9942983,Shellcode
0.1427623255289276,0.5775445699691772,0.36015344774905245,0.9797642,Shellcode
0.0948281702447842,0.521808385848999,0.3083182780468916,0.9878347,Shellcode
0.2876381458543082,0.5853050947189331,0.4364716202866207,0.9497075,Shellcode
0.31676274134515275,0.6677004098892212,0.492231575617187,0.9426677,Shellcode
0.33920129630539203,0.5565915107727051,0.4478964035390486,0.93701005,Shellcode
0.04933342225493672,0.5634973645210266,0.3064153933879817,0.9944819,Shellcode
0.5239566686911543,0.530276894569397,0.5271167816302756,0.8818717,Shellcode
0.07250808983315803,0.5133874416351318,0.29294776573414494,0.99123234,Shellcode
0.08471518191525525,0.5424954295158386,0.31360530571554696,0.98940456,Shellcode
0.0639617882105795,0.4646736979484558,0.26431774307951766,0.99246585,Shellcode
0.047872300648869014,0.4348260164260864,0.2413491585374777,0.99467623,Shellcode
0.14082421004069187,0.5585471987724304,0.34968570440656116,0.9801097,Shellcode
0.03492978925385106,0.42858344316482544,0.23175661620933824,0.9963356,Shellcode
0.04260364438643391,0.4181358218193054,0.23036973310286968,0.9953655,Shellcode
0.007428198070042218,0.48282957077026367,0.24512888442015293,0.9993868,Shellcode
0.2115444434778899,0.5701820850372314,0.3908632642575607,0.96652204,Shellcode
0.044791005731432534,0.49939650297164917,0.2720937543515409,0.99508154,Shellcode
0.05563789240231364,0.5153945684432983,0.285516230422806,0.99362844,Shellcode
0.061725911634664045,0.5045721530914307,0.28314903236304734,0.992782,Shellcode
0.04065903117867029,0.4189363121986389,0.22979767168865461,0.99561524,Shellcode
0.0842009752870068,0.5181480646133423,0.3011745199501745,0.98948306,Shellcode
0.053530169773580175,0.520983099937439,0.28725663485550956,0.99391645,Shellcode
0.04928517574691186,0.45040398836135864,0.24984458205413526,0.99448836,Shellcode
0.05242975490540801,0.3996865153312683,0.22605813511833817,0.99406576,Shellcode
0.009814081810522155,0.47882747650146484,0.2443207791559935,0.999158,Shellcode
0.7856495978276247,0.530860185623169,0.6582548917253968,0.7655727,Shellcode
0.0500410932420323,0.39504218101501465,0.22254163712852348,0.9943873,Shellcode
0.12703822048343297,0.5760015249252319,0.35151987270433244,0.9825216,Shellcode
0.1770464435413191,0.4982836842536926,0.33766506389750583,0.9733994,Shellcode
0.08037670456892732,0.38004302978515625,0.23020986717704178,0.9900628,Shellcode
0.02009778509067103,0.3918048143386841,0.20595129971467754,0.99807966,Worms
0.01581014877188996,0.47858095169067383,0.2471955502312819,0.99854505,Worms
0.009601262685380649,0.36530500650405884,0.18745313459471974,0.9991788,Worms
0.10315474253305411,0.441028356552124,0.2720915495425891,0.9865059,Worms
0.16917466862434022,0.6762630343437195,0.4227188514840299,0.97490275,Worms
0.02383504064910069,0.41105782985687256,0.21744643525298663,0.9976585,Worms
0.44116723026218835,0.6392861008644104,0.5402266655632993,0.90858746,Worms
0.034481387487389006,0.40934818983078003,0.2219147886590845,0.996391,Worms
0.018086387526179786,0.40625375509262085,0.21217007130940033,0.9983005,Worms
0.05805873094477422,0.46733736991882324,0.2626980504317987,0.9932944,Worms
0.028415435778927436,0.4654514789581299,0.24693345736852865,0.99712473,Worms
0.014139028287432005,0.3812716603279114,0.1977053443076717,0.9987207,Worms
0.005405605509871377,0.4164411425590515,0.21092337403446146,0.9995721,Worms
0.03240816619075596,0.3833615183830261,0.20788484228689105,0.99664503,Worms
0.02583965430418407,0.38289958238601685,0.20436961834510045,0.99742717,Worms
0.008349498381798605,0.47795814275741577,0.2431538205696072,0.99929965,Worms
0.20734396071104802,0.5992531776428223,0.40329856917693513,0.9673844,Worms
0.02268421067916545,0.3899422883987427,0.20631324953895405,0.9977896,Worms
0.06280752664931377,0.4135783910751343,0.23819295886222402,0.9926294,Worms
0.05140618403542448,0.42061471939086914,0.2360104517131468,0.994204,Worms
0.04994669626453998,0.46888619661331177,0.25941644643892586,0.99439996,Worms
0.02182486039931009,0.38982075452804565,0.20582280746367787,0.9978867,Worms
0.06601103673801963,0.40278905630111694,0.23440004651956828,0.9921737,Worms
0.05254201658075871,0.44813352823257446,0.2503377724066666,0.99405056,Worms
0.03675009393901683,0.44418585300445557,0.2404679734717362,0.9961093,Worms
0.01540428180838387,0.3938775658607483,0.20464092383456609,0.998588,Worms
0.2566057253196112,0.5894969701766968,0.423051347748154,0.9568382,Worms
0.06740894934543741,0.41813379526138306,0.24277137230341023,0.99197304,Worms
0.03224944501461203,0.39792400598526,0.21508672549993602,0.99666435,Worms
0.025770957984080058,0.4192963242530823,0.22253364111858118,0.99743515,Worms
0.004565358068599158,0.4799147844314575,0.24224007125002833,0.9996463,Worms
0.04765495757384114,0.4389795660972595,0.24331726183555033,0.994705,Worms
0.01076673267847059,0.38440239429473877,0.1975845634866047,0.999064,Worms
0.01747373023561361,0.3821801543235779,0.19982694227959574,0.9983669,Worms
0.13837834802253077,0.5524893403053284,0.3454338441639296,0.98054343,Worms
0.026094132195653715,0.3979528546333313,0.2120234934144925,0.99739754,Worms
0.002880063123396849,0.4726468324661255,0.23776344779476116,0.99978906,Worms
0.9637935271575934,0.8362758755683899,0.9000347013629917,0.6115476,Worms
0.018358500357435168,0.4558957815170288,0.237127140937232,0.99827087,Worms
0.09493666979964727,0.46996593475341797,0.2824513022765326,0.9878176,Worms
0.2342862683450944,0.4731482267379761,0.3537172475415352,0.96173364,Worms
0.1846792055692614,0.48689526319503784,0.33578723438214964,0.97191817,Worms
0.037142569097201435,0.40976065397262573,0.22345161153491358,0.9960602,Worms
0.190845858494261,0.46574002504348755,0.32829294176887425,0.9707046,Worms
